{"valueType":"nodes","values":[{"_typeName":"Invoice","id":"5ac1f09a104dfc9b0b85b02f","comment":"Consequat fugiat ut et dolore id fugiat voluptate qui consectetur. Tempor ad aliqua aute deserunt et cillum exercitation proident minim cupidatat sunt pariatur. Duis excepteur dolore exercitation magna consequat ut.","createdAt":"2018-06-08T22:15:24.172Z","date_created":"21 March 1971","date_due":"14 January 1991","date_supply":"20 October 2014","direction":"bee33a4c-e0cf-4f2c-80b5-93ccab966e46","number":39804,"updatedAt":"2018-06-08T22:15:24.172Z"},{"_typeName":"Invoice","id":"5ac1f09a1248c018d5f62d87","comment":"Et est amet ad culpa sint. Qui ut cillum est culpa. Culpa mollit consectetur ipsum est est eiusmod do eiusmod.","createdAt":"2018-06-08T22:15:24.172Z","date_created":"26 October 1982","date_due":"10 August 1977","date_supply":"29 July 1982","direction":"6f70af27-06d9-4718-a1cf-51f6ee5acb82","number":899281,"updatedAt":"2018-06-08T22:15:24.172Z"},{"_typeName":"Invoice","id":"5ac1f09a60edb54701c767da","comment":"Officia cillum fugiat aliqua dolor sint adipisicing anim elit ipsum proident pariatur veniam laborum in. Fugiat deserunt cillum ad irure excepteur occaecat. Exercitation nisi minim aliqua et proident.","createdAt":"2018-06-08T22:15:24.172Z","date_created":"07 May 1973","date_due":"15 August 2009","date_supply":"28 May 2004","direction":"8ad47368-b85b-4b25-a209-9a975fa85ba1","number":55958,"updatedAt":"2018-06-08T22:15:24.172Z"},{"_typeName":"Invoice","id":"5ac1f09a835436ee9a0bfeb2","comment":"Ut officia magna id sit laboris ipsum proident adipisicing ipsum nisi cillum nostrud minim ut. Irure sit duis ad veniam. Esse elit cillum deserunt ea nostrud consectetur ipsum minim.","createdAt":"2018-06-08T22:15:24.172Z","date_created":"19 October 1980","date_due":"22 February 2006","date_supply":"05 November 1979","direction":"458d8ccd-eb1a-45c1-a286-c4a0f2e2c866","number":235250,"updatedAt":"2018-06-08T22:15:24.172Z"},{"_typeName":"Invoice","id":"5ac1f09a86e937b54f560552","comment":"Reprehenderit tempor officia esse dolore in id aliqua voluptate proident. Qui ullamco proident adipisicing ullamco laborum officia velit et nisi. Ut aliquip elit elit pariatur incididunt est qui ullamco sunt deserunt exercitation occaecat ea.","createdAt":"2018-06-08T22:15:24.172Z","date_created":"15 July 2013","date_due":"13 October 2009","date_supply":"14 August 1980","direction":"0f4fec70-c933-4cc3-900e-f4764113326a","number":381693,"updatedAt":"2018-06-08T22:15:24.172Z"},{"_typeName":"Invoice","id":"5ac1f09aa890dde85c144469","comment":"Veniam amet est elit proident voluptate sint mollit ipsum reprehenderit esse. Laborum ea veniam ad duis mollit enim non. Occaecat culpa laborum duis officia dolore nisi quis duis irure labore esse adipisicing ullamco minim.","createdAt":"2018-06-08T22:15:24.172Z","date_created":"29 September 1983","date_due":"11 July 2013","date_supply":"17 July 2007","direction":"68af2bbf-7832-4957-8270-7d873000fdf8","number":747722,"updatedAt":"2018-06-08T22:15:24.172Z"},{"_typeName":"Invoice","id":"5ac1f09ac46e68ee97c8f424","comment":"Esse nisi dolore nisi velit ea cillum deserunt. Sunt aliquip esse elit irure eiusmod sunt commodo sint cupidatat aliqua velit elit amet ut. Dolor esse ad ad non adipisicing culpa id voluptate do.","createdAt":"2018-06-08T22:15:24.172Z","date_created":"06 December 1980","date_due":"27 May 1988","date_supply":"31 July 2009","direction":"e795889d-c1a0-4d42-b67b-d1e72200a213","number":771062,"updatedAt":"2018-06-08T22:15:24.172Z"},{"_typeName":"Invoice","id":"5ac1f09ae3212d5279cdf3b7","comment":"Veniam anim sunt dolor sint nulla amet consectetur adipisicing. Amet nostrud mollit minim veniam laboris. Lorem esse in nulla enim et quis nulla deserunt ea duis mollit ipsum nulla.","createdAt":"2018-06-08T22:15:24.172Z","date_created":"09 February 1990","date_due":"18 December 2000","date_supply":"02 November 2014","direction":"acbd951e-8436-45bf-a8a1-ec82ba50a9fc","number":474297,"updatedAt":"2018-06-08T22:15:24.172Z"},{"_typeName":"Invoice","id":"5ac1f09af3535ad5cf96a221","comment":"Pariatur duis et labore elit consequat non eu consectetur. Id quis pariatur ut eiusmod non proident anim commodo in quis. Mollit ea pariatur tempor ut excepteur non.","createdAt":"2018-06-08T22:15:24.172Z","date_created":"24 March 1991","date_due":"08 August 1985","date_supply":"14 October 1980","direction":"3411c638-1a2f-4a1b-bdbc-6d16833149a9","number":968296,"updatedAt":"2018-06-08T22:15:24.172Z"},{"_typeName":"Invoice","id":"5ac1f09af99f30746982959c","comment":"Tempor enim consectetur exercitation quis pariatur do ullamco nostrud commodo nulla esse occaecat reprehenderit quis. Ullamco ex sit magna magna anim. Culpa irure officia velit ea esse ullamco duis ullamco ad aute sit veniam ut occaecat.","createdAt":"2018-06-08T22:15:24.172Z","date_created":"02 January 1983","date_due":"19 November 1980","date_supply":"12 December 2013","direction":"df89896c-8efb-4973-8880-4a5a62dd4563","number":963955,"updatedAt":"2018-06-08T22:15:24.172Z"}]}